nameWithOwner,repo_age_days,primaryLanguage,merged_pull_requests,releases_total,stargazers,last_update_days,closed_issues_ratio
codecrafters-io/build-your-own-x,2854,Markdown,155,0,470943,0,0.737
sindresorhus/awesome,4252,None,694,0,441915,0,0.956
freeCodeCamp/freeCodeCamp,4086,TypeScript,27724,0,437668,0,0.9911
public-apis/public-apis,3634,Python,1872,0,402990,0,0.9976
EbookFoundation/free-programming-books,4525,Python,7328,0,383492,0,0.9715
kamranahmedse/developer-roadmap,3274,TypeScript,4057,1,350012,0,0.9893
jwasham/coding-interview-university,3556,None,415,0,337516,0,0.8648
donnemartin/system-design-primer,3291,Python,203,0,337106,0,0.3073
vinta/awesome-python,4266,Python,639,0,285255,0,0.0
awesome-selfhosted/awesome-selfhosted,3927,None,2395,1,276157,0,1.0
996icu/996.ICU,2533,None,1072,0,275602,0,0.0
practical-tutorials/project-based-learning,3246,None,182,0,259879,0,0.3596
openclaw/openclaw,98,TypeScript,2551,57,247762,0,0.6811
facebook/react,4665,JavaScript,12762,118,243430,0,0.9434
torvalds/linux,5293,C,0,0,220324,0,0.0
TheAlgorithms/Python,3516,Python,3046,0,218245,0,0.9048
vuejs/vue,4599,TypeScript,1136,249,209911,0,0.9642
trimstray/the-book-of-secret-knowledge,2809,None,122,0,208379,0,0.0
ossu/computer-science,4321,HTML,304,0,202033,0,0.982
trekhleb/javascript-algorithms,2900,JavaScript,304,0,195682,0,0.628
tensorflow/tensorflow,3768,C++,42177,221,193945,0,0.9786
ohmyzsh/ohmyzsh,6030,Shell,3512,0,185035,0,0.9718
getify/You-Dont-Know-JS,4489,None,370,0,184454,0,1.0
CyC2018/CS-Notes,2939,None,374,0,183763,0,0.7782
microsoft/vscode,3833,TypeScript,43112,196,182193,0,0.9427
Significant-Gravitas/AutoGPT,1082,Python,3939,93,182152,0,0.9373
jackfrued/Python-100-Days,2923,Jupyter Notebook,13,0,179172,0,0.2648
n8n-io/n8n,2445,TypeScript,13994,543,177231,0,0.9414
flutter/flutter,4014,Dart,46875,7,175405,0,0.8916
twbs/bootstrap,5330,MDX,9110,94,174005,0,0.9827
github/gitignore,5593,None,1727,0,172730,0,0.0
massgravel/Microsoft-Activation-Scripts,2241,Batchfile,5,29,167491,0,0.9967
avelino/awesome-go,4257,Go,3601,0,166364,0,0.9834
ollama/ollama,980,Go,3059,187,163849,0,0.7905
AUTOMATIC1111/stable-diffusion-webui,1288,Python,1884,27,161432,0,0.6958
jlevy/the-art-of-command-line,3939,None,317,0,159975,0,0.5271
huggingface/transformers,2681,Python,18697,243,157253,0,0.9423
Snailclimb/JavaGuide,2856,Java,1211,0,153971,0,0.9345
DigitalPlatDev/FreeDomain,641,HTML,1,0,150285,0,0.0
f/prompts.chat,1183,HTML,200,0,149732,0,0.9692
yt-dlp/yt-dlp,1953,Python,3227,130,149305,0,0.8372
airbnb/javascript,4869,JavaScript,813,0,148090,0,0.9285
langflow-ai/langflow,1118,Python,5730,282,145202,0,0.8914
521xueweihan/HelloGitHub,3589,Python,17,63,144453,0,0.9054
ytdl-org/youtube-dl,5601,Python,1646,341,139762,0,0.8646
vercel/next.js,3435,JavaScript,26073,1000,138073,0,0.9157
yangshun/tech-interview-handbook,3527,TypeScript,486,0,137945,0,0.6333
Genymobile/scrcpy,3023,C,123,50,136397,0,0.5517
labuladong/fucking-algorithm,2203,Markdown,244,0,132881,0,1.0
golang/go,4213,Go,1,0,132819,0,0.8659
langgenius/dify,1055,TypeScript,9654,158,130938,0,0.976
microsoft/PowerToys,2497,C#,6333,127,130167,0,0.7881
langchain-ai/langchain,1232,Python,16027,1000,127948,0,0.9742
x1xhlol/system-prompts-and-models-of-ai-tools,362,None,45,0,127267,0,0.545
Chalarangelo/30-seconds-of-code,3015,JavaScript,836,12,126923,0,1.0
open-webui/open-webui,878,Python,3307,152,125491,0,0.979
facebook/react-native,4070,C++,953,442,125483,0,0.9728
krahets/hello-algo,1214,Java,968,10,122583,0,0.9716
kubernetes/kubernetes,4287,Go,63934,784,120852,0,0.9624
electron/electron,4707,C++,24486,1000,120284,0,0.9654
ripienaar/free-for-dev,4002,HTML,2895,0,118192,0,0.0
excalidraw/excalidraw,2252,TypeScript,3834,14,117827,0,0.547
justjavac/free-programming-books-zh_CN,4501,None,282,3,116378,0,0.0
nodejs/node,4114,JavaScript,11873,483,116007,0,0.9125
anomalyco/opencode,306,TypeScript,2550,725,114365,0,0.5248
d3/d3,5635,Shell,494,194,112446,0,0.9955
iptv-org/iptv,2665,TypeScript,6818,0,112313,0,0.9856
mrdoob/three.js,5823,JavaScript,15225,175,111139,0,0.967
rust-lang/rust,5738,Rust,69483,146,110796,0,0.8195
axios/axios,4214,JavaScript,1134,109,108576,0,0.9596
rustdesk/rustdesk,1981,Rust,3941,35,108487,0,0.9835
microsoft/TypeScript,4276,TypeScript,14855,214,107995,0,0.8842
Hack-with-Github/Awesome-Hacking,3624,None,34,0,107622,0,0.0
shadcn-ui/ui,1153,TypeScript,1004,75,107567,0,0.7493
microsoft/generative-ai-for-beginners,987,Jupyter Notebook,521,0,107391,0,0.9757
godotengine/godot,4440,C++,41378,66,107239,0,0.788
GrowingGit/GitHub-Chinese-Top-Charts,2370,Java,0,0,106508,0,0.4723
denoland/deno,2848,Rust,14240,365,106266,0,0.8291
goldbergyoni/nodebestpractices,3090,Dockerfile,766,0,105139,0,0.8614
fatedier/frp,3724,Go,729,109,104811,0,0.9916
Comfy-Org/ComfyUI,1140,Python,2186,121,104671,0,0.5654
facebook/create-react-app,3515,JavaScript,1949,83,103832,0,0.7806
papers-we-love/papers-we-love,4460,Shell,439,0,103742,0,0.9919
tauri-apps/tauri,2424,Rust,5391,0,103507,0,0.7961
microsoft/terminal,3125,C++,4376,146,101978,0,0.8808
deepseek-ai/DeepSeek-V3,431,Python,25,1,101832,0,0.9429
angular/angular,4183,TypeScript,5624,606,100019,0,0.9671
clash-verge-rev/clash-verge-rev,832,TypeScript,747,62,99901,0,0.9683
jaywcjlove/awesome-mac,3515,JavaScript,1078,13,99444,0,0.7426
Shubhamsaboo/awesome-llm-apps,672,Python,170,0,99124,0,1.0
Anduin2017/HowToCook,2193,Dockerfile,613,4,98429,0,0.4407
supabase/supabase,2333,TypeScript,15498,25,98415,0,0.9476
mtdvio/every-programmer-should-know,3112,None,110,0,98153,0,0.7045
mui/material-ui,4214,JavaScript,21465,555,97957,0,0.9215
pytorch/pytorch,3488,Python,6428,64,97877,0,0.7179
2dust/v2rayN,2407,C#,394,299,97762,0,0.9989
ant-design/ant-design,3965,TypeScript,17033,740,97633,0,0.9603
neovim/neovim,4413,Vim Script,17712,48,96879,0,0.8804
ggml-org/llama.cpp,1088,C++,7456,1000,96347,0,0.9392
google-gemini/gemini-cli,319,TypeScript,5185,386,96241,0,0.8126
fastapi/fastapi,2641,Python,3162,269,95747,0,0.9969
nvbn/thefuck,3981,Python,481,17,95581,0,0.6163
microsoft/Web-Dev-For-Beginners,1938,JavaScript,654,0,95373,0,0.8595
openai/whisper,1263,Python,119,13,95320,0,0.0
ryanmcdermott/clean-code-javascript,3384,JavaScript,149,0,94307,0,0.6735
immich-app/immich,1488,TypeScript,8684,287,93877,0,0.935
tailwindlabs/tailwindcss,3069,TypeScript,3302,300,93852,0,0.9895
iluwatar/java-design-patterns,4223,Java,1520,0,93789,0,0.8579
puppeteer/puppeteer,3219,TypeScript,5827,644,93688,0,0.9648
nvm-sh/nvm,5800,Shell,741,71,91964,0,0.8617
deepseek-ai/DeepSeek-R1,406,None,10,1,91893,0,0.9623
florinpop17/app-ideas,2562,None,151,0,90864,0,0.2615
PanJiaChen/vue-element-admin,3241,Vue,311,49,90287,0,0.6521
microsoft/markitdown,474,Python,170,18,89611,0,0.2156
storybookjs/storybook,3636,TypeScript,12259,1000,89344,0,0.8505
bitcoin/bitcoin,5552,C++,16154,63,88318,0,0.9596
gin-gonic/gin,4277,Go,1223,29,88146,0,0.7498
oven-sh/bun,1784,Zig,7173,210,87777,0,0.6938
firecrawl/firecrawl,686,TypeScript,1346,32,87481,0,0.9453
ChatGPTNextWeb/NextChat,1088,TypeScript,894,77,87409,0,0.8096
django/django,5056,Python,10317,0,86943,0,0.0
gohugoio/hugo,4624,Go,3237,365,86872,0,0.9697
rasbt/LLMs-from-scratch,953,Jupyter Notebook,480,0,86727,0,1.0
opencv/opencv,4974,C++,13497,67,86389,0,0.7753
mermaid-js/mermaid,4139,TypeScript,2578,179,86378,0,0.6168
sveltejs/svelte,3389,JavaScript,6510,605,85934,0,0.8975
home-assistant/core,4549,Python,82433,1000,85090,0,0.9575
ruanyf/weekly,2697,None,105,0,85021,0,0.1517
3b1b/manim,3998,Python,661,13,84937,0,0.6255
microsoft/ML-For-Beginners,1825,Jupyter Notebook,446,0,84094,0,1.0
laravel/laravel,5381,Blade,1670,211,83823,0,0.0
louislam/uptime-kuma,1704,JavaScript,1678,124,83482,0,0.8584
microsoft/playwright,2299,TypeScript,16247,158,83334,0,0.9656
MunGell/awesome-for-beginners,3782,None,469,0,83074,0,0.9261
macrozheng/mall,2889,Java,1,3,82998,0,0.978
realworld-apps/realworld,3657,TypeScript,434,0,82894,0,0.9376
animate-css/animate.css,5255,CSS,315,22,82620,0,0.9547
punkpeye/awesome-mcp-servers,457,None,1369,0,81976,0,0.7437
anthropics/skills,161,Python,20,0,81386,0,0.1448
bregman-arie/devops-exercises,2342,Python,309,0,81365,0,0.6699
tonsky/FiraCode,4129,Clojure,141,29,81222,0,0.6949
DopplerHQ/awesome-interview-questions,3747,None,175,0,81185,0,0.5574
syncthing/syncthing,4479,Go,2836,460,80465,0,0.9368
astral-sh/uv,882,Rust,8470,258,80137,0,0.7263
spring-projects/spring-boot,4882,Java,42,339,80114,0,0.9883
ByteByteGoHq/system-design-101,896,None,23,0,79933,0,0.3158
modelcontextprotocol/servers,468,TypeScript,1178,24,79895,0,0.6747
hacksider/Deep-Live-Cam,890,Python,98,10,79759,0,0.9262
browser-use/browser-use,487,Python,1667,117,79392,0,0.9077
fighting41love/funNLP,2750,Python,14,0,79155,0,0.5595
doocs/advanced-java,2704,Java,89,1,78870,0,0.9932
anuraghazra/github-readme-stats,2062,JavaScript,1568,0,78575,0,0.8874
vitejs/vite,2141,TypeScript,6041,658,78502,0,0.9452
junegunn/fzf,4513,Go,642,76,78225,0,0.9181
hoppscotch/hoppscotch,2385,TypeScript,2036,98,77985,0,0.7597
netdata/netdata,4641,C,11719,132,77940,0,0.9789
tensorflow/models,3678,Python,2342,51,77689,0,0.852
nomic-ai/gpt4all,1071,C++,938,38,77168,0,0.675
MisterBooo/LeetCodeAnimation,2643,Java,63,0,76726,0,0.7049
coder/code-server,2560,TypeScript,1626,223,76437,0,0.9562
FortAwesome/Font-Awesome,5127,JavaScript,220,63,76383,0,0.9854
zed-industries/zed,1836,Rust,21996,1000,76230,0,0.8578
elastic/elasticsearch,5866,Java,87203,235,76204,0,0.8957
mlabonne/llm-course,989,None,2,0,75956,0,0.3368
d2l-ai/d2l-zh,3113,Python,1019,16,75904,0,0.0
localsend/localsend,1173,Dart,701,24,75867,0,0.4636
sdmg15/Best-websites-a-programmer-should-visit,3284,None,431,0,75770,0,0.5676
swisskyrepo/PayloadsAllTheThings,3422,Python,564,5,75650,0,0.0
typicode/json-server,4478,JavaScript,161,46,75632,0,0.4805
Developer-Y/cs-video-courses,3419,None,257,0,75529,0,0.0
Stirling-Tools/Stirling-PDF,1130,TypeScript,3160,166,74830,0,0.7952
nestjs/nest,3313,TypeScript,8053,141,74805,0,0.9967
ventoy/Ventoy,2183,C,294,108,74780,0,0.6984
unionlabs/union,1021,Rust,3102,107,74271,0,0.9303
infiniflow/ragflow,811,Python,5403,40,74038,0,0.5494
vuejs/awesome-vue,3787,None,3611,0,73627,0,0.8304
github/spec-kit,193,Python,163,111,73374,0,0.3794
jesseduffield/lazygit,2845,Go,1809,176,73322,0,0.691
sherlock-project/sherlock,2625,Python,734,2,73302,0,0.9304
redis/redis,6190,C,4423,117,73203,0,0.6805
awesomedata/awesome-public-datasets,4120,None,188,1,73149,0,0.3934
lobehub/lobehub,1016,TypeScript,4295,1000,72910,0,0.8814
twitter/the-algorithm,1071,Scala,2,0,72829,0,0.7026
anthropics/claude-code,373,Shell,145,51,72785,0,0.819
tesseract-ocr/tesseract,4220,C++,1432,35,72637,0,0.8435
CompVis/stable-diffusion,1300,Jupyter Notebook,5,0,72601,0,0.2707
grafana/grafana,4464,TypeScript,62451,592,72425,0,0.9243
thedaviddias/Front-End-Checklist,3059,None,179,1,72296,0,1.0
enaqx/awesome-react,4226,None,794,0,72202,0,0.9915
josephmisiti/awesome-machine-learning,4248,Python,902,0,71792,0,1.0
openai/openai-cookbook,1452,Jupyter Notebook,1003,0,71788,0,0.9019
abi/screenshot-to-code,839,TypeScript,70,0,71768,0,0.7121
python/cpython,3307,Python,57169,0,71762,0,0.905
vllm-project/vllm,1117,Python,14325,84,71682,0,0.8762
ocornut/imgui,4242,C++,418,118,71666,0,0.8476
PKUFlyingPig/cs-self-learning,1594,HTML,315,5,71546,0,0.4589
moby/moby,4791,Go,22341,273,71461,0,0.8601
strapi/strapi,3806,TypeScript,9554,513,71448,0,0.9514
PaddlePaddle/PaddleOCR,2124,Python,3113,29,71440,0,0.9788
pallets/flask,5809,Python,1627,38,71277,0,1.0
dair-ai/Prompt-Engineering-Guide,1172,MDX,342,0,71034,0,0.3096
protocolbuffers/protobuf,4206,C++,8720,208,70775,0,0.9816
apache/superset,3877,TypeScript,16397,243,70767,0,0.9463
hakimel/reveal.js,5382,JavaScript,413,49,70659,0,0.6811
obsproject/obs-studio,4535,C,5418,235,70654,0,0.8462
caddyserver/caddy,4066,Go,2251,133,70490,0,0.955
binary-husky/gpt_academic,1078,Python,228,32,70147,0,0.8428
fffaraz/awesome-cpp,4246,None,827,0,69988,0,0.4153
swiftlang/swift,3783,C++,58037,66,69793,0,0.5758
Eugeny/tabby,3356,TypeScript,1512,204,69218,0,0.5825
danielmiessler/SecLists,5125,PHP,695,29,69199,0,0.9685
nektos/act,2616,Go,1057,92,69094,0,0.817
binhnguyennus/awesome-scalability,2987,None,37,0,68907,0,0.0
expressjs/express,6093,JavaScript,522,164,68825,0,0.9749
base/node,1125,Go,247,70,68716,0,0.9817
OpenHands/OpenHands,719,Python,6377,99,68417,0,0.954
AppFlowy-IO/AppFlowy,1720,Dart,3894,127,68327,0,0.7688
ansible/ansible,5109,Python,39668,207,68137,0,0.9838
obra/superpowers,144,Shell,39,2,68115,0,0.652
hiyouga/LlamaFactory,1009,Python,895,35,67761,0,0.8861
chartjs/Chart.js,4733,JavaScript,3016,117,67205,0,0.9337
prakhar1989/awesome-courses,4125,None,194,0,66769,0,0.4756
juliangarnier/anime,3641,JavaScript,87,34,66697,0,0.8982
leonardomso/33-js-concepts,2736,JavaScript,262,0,66263,0,1.0
webpack/webpack,5105,JavaScript,5550,447,65994,0,0.9889
labmlai/annotated_deep_learning_paper_implementations,2015,Python,104,0,65846,0,0.8028
apache/echarts,4716,TypeScript,1492,122,65835,0,0.9147
xtekky/gpt4free,1069,Python,870,429,65703,0,0.997
TapXWorld/ChinaTextbook,2248,Roff,1,0,65475,0,0.478
lydiahallie/javascript-questions,2455,None,328,0,65300,0,0.9246
scikit-learn/scikit-learn,5676,Python,14154,49,65252,0,0.8675
NationalSecurityAgency/ghidra,2558,Java,553,51,65201,0,0.7375
sindresorhus/awesome-nodejs,4252,None,421,0,65146,0,0.9714
TheAlgorithms/Java,3516,Java,2266,0,65133,0,0.9792
kdn251/interviews,3303,Java,42,0,64932,0,0.4138
bradtraversy/design-resources-for-developers,2126,None,967,0,64928,0,0.982
kelseyhightower/nocode,2946,Dockerfile,1,1,64874,0,0.1481
FoundationAgents/MetaGPT,976,Python,673,22,64689,0,0.9812
chrislgarry/Apollo-11,4351,Assembly,355,0,64621,0,0.8527
localstack/localstack,3415,Python,6794,106,64528,0,0.951
facebook/docusaurus,3177,TypeScript,5619,154,63969,0,0.9144
keras-team/keras,3993,Python,4624,86,63867,0,0.9844
toeverything/AFFiNE,1310,TypeScript,9023,541,63443,0,0.8614
prometheus/prometheus,4846,Go,8218,359,62978,0,0.9193
socketio/socket.io,5835,TypeScript,439,82,62915,0,0.9485
resume/resume.github.com,5503,JavaScript,84,0,62807,0,0.5238
alacritty/alacritty,3665,Rust,1916,105,62727,0,0.9485
openai/codex,323,Rust,4180,555,62691,0,0.7837
openinterpreter/open-interpreter,962,Python,384,48,62501,0,0.7648
OpenBB-finance/OpenBB,1898,Python,4207,54,62424,0,0.9833
nocodb/nocodb,3046,TypeScript,5811,183,62276,0,0.9047
rust-lang/rustlings,3821,Rust,922,46,62018,0,0.934
traefik/traefik,3823,Go,5061,506,61982,0,0.8982
FuelLabs/sway,1868,Rust,3638,185,61923,0,0.7405
gorhill/uBlock,3988,JavaScript,256,283,61870,0,0.9962
ryanoasis/nerd-fonts,4105,CSS,565,38,61831,0,0.9583
daytonaio/daytona,755,TypeScript,1836,161,61628,0,0.7814
lodash/lodash,5077,JavaScript,614,2,61575,0,0.9852
tldr-pages/tldr,4467,Markdown,17708,6,61511,0,0.8788
reduxjs/redux,3930,TypeScript,1746,78,61438,0,0.9821
unclecode/crawl4ai,662,Python,163,13,61252,0,0.8047
atom/atom,5155,JavaScript,3937,538,60993,0,0.9437
LadybirdBrowser/ladybird,641,C++,5866,0,60892,0,0.6265
xingshaocheng/architect-awesome,2887,None,49,0,60839,0,0.3239
h5bp/Front-end-Developer-Interview-Questions,5135,Nunjucks,484,0,60791,0,0.8079
youngyangyang04/leetcode-master,2270,Shell,2311,0,60523,0,0.2455
scrapy/scrapy,5852,Python,2475,46,60488,0,0.8578
BurntSushi/ripgrep,3643,Rust,544,74,60428,0,0.9468
minio/minio,4065,Go,9882,521,60404,0,0.9943
commaai/openpilot,3385,Python,12622,61,60203,0,0.9444
adam-p/markdown-here,5041,JavaScript,27,17,60155,0,0.5252
jquery/jquery,6177,JavaScript,867,13,59844,0,0.9677
nuxt/nuxt,3414,TypeScript,7454,274,59731,0,0.9528
spring-projects/spring-framework,5563,Java,905,357,59688,0,0.989
jgraph/drawio-desktop,3203,JavaScript,22,169,59618,0,0.9654
pathwaycom/pathway,1191,Python,19,84,59529,0,0.8071
CorentinJ/Real-Time-Voice-Cloning,2472,Python,50,0,59458,0,0.856
git/git,6431,C,3,0,59425,0,0.0
shadowsocks/shadowsocks-windows,4795,C#,290,55,59257,0,0.9355
meta-llama/llama,1112,Python,54,0,59184,0,0.586
Solido/awesome-flutter,3221,Dart,448,0,59145,0,0.0
topjohnwu/Magisk,3462,Rust,1688,156,59009,0,0.994
angular/angular.js,5900,JavaScript,790,0,58926,0,0.9569
Asabeneh/30-Days-Of-Python,2295,Python,136,0,58910,0,0.5676
cline/cline,604,TypeScript,3233,238,58560,0,0.8504
PlexPt/awesome-chatgpt-prompts-zh,1176,None,33,0,58495,0,0.6082
rails/rails,6534,Ruby,25880,160,58300,0,0.9725
FiloSottile/mkcert,2807,Go,52,14,58199,0,0.6886
FFmpeg/FFmpeg,5436,C,0,0,57532,0,0.0
sharkdp/bat,2872,Rust,1575,43,57437,0,0.8005
usememos/memos,1545,Go,1906,86,57414,0,0.994
h5bp/html5-boilerplate,5881,JavaScript,804,34,57393,0,0.9963
FuelLabs/fuel-core,2013,Rust,1614,124,57351,0,0.8631
affaan-m/everything-claude-code,44,JavaScript,81,9,57234,0,0.9339
withastro/astro,1813,TypeScript,8210,1000,57213,0,0.9687
pmndrs/zustand,2519,TypeScript,888,101,57210,0,0.9971
scutan90/DeepLearning-500-questions,2805,JavaScript,302,0,57173,0,0.4219
zylon-ai/private-gpt,1035,Python,226,10,57145,0,0.7865
ultralytics/yolov5,2114,Python,2239,10,56905,0,0.9958
soimort/you-get,4942,Python,582,123,56758,0,0.0
pocketbase/pocketbase,1336,Go,55,244,56497,0,0.9882
remix-run/react-router,4308,TypeScript,3413,326,56277,0,0.9864
pathwaycom/llm-app,957,Jupyter Notebook,49,0,56234,0,0.7222
dani-garcia/vaultwarden,2935,Rust,1079,78,56194,0,0.9961
ageitgey/face_recognition,3286,Python,94,2,56172,0,0.434
meilisearch/meilisearch,2870,Rust,2331,299,56160,0,0.9043
gatsbyjs/gatsby,3938,JavaScript,18243,158,55948,0,0.9847
pi-hole/pi-hole,4285,Shell,2171,123,55945,0,0.9901
rust-unofficial/awesome-rust,4246,Rust,1689,0,55929,0,0.9306
azl397985856/leetcode,2894,JavaScript,257,40,55822,0,0.9688
rclone/rclone,4369,Go,2303,121,55810,0,0.8439
Textualize/rich,2304,Python,860,175,55653,0,0.8541
wasabeef/awesome-android-ui,4086,None,90,0,55546,0,0.8174
golang-standards/project-layout,3096,Makefile,94,0,55474,0,0.3826
tiimgreen/github-cheat-sheet,4342,None,129,0,55447,0,0.6622
RVC-Boss/GPT-SoVITS,778,Python,355,4,55422,0,0.6139
opendatalab/MinerU,732,Python,1315,143,55290,0,0.9105
Mintplex-Labs/anything-llm,1002,JavaScript,1290,25,55288,0,0.9145
AntonOsika/gpt-engineer,1038,Python,351,21,55211,0,0.9381
Z4nzu/hackingtool,2151,Python,57,0,55135,0,0.8214
microsoft/autogen,927,Python,2534,98,55074,0,0.8492
deepfakes/faceswap,2995,Python,363,5,54995,0,0.9978
appwrite/appwrite,2520,TypeScript,4435,120,54974,0,0.8729
FoundationAgents/OpenManus,361,Python,115,3,54909,0,0.5236
docling-project/docling,601,Python,737,155,54620,0,0.5009
starship/starship,2526,Rust,3060,138,54457,0,0.7051
lencx/ChatGPT,1181,Rust,123,34,54368,0,0.2937
ElemeFE/element,3467,Vue,3231,145,54207,0,0.8522
marktext/marktext,3032,JavaScript,941,36,54105,0,0.5517
karpathy/nanoGPT,1161,Python,45,0,54053,0,0.3229
maybe-finance/maybe,791,Ruby,1073,28,54034,0,0.0
go-gitea/gitea,3408,Go,18508,224,54005,0,0.8307
psf/requests,5496,Python,1616,14,53832,0,0.9545
ultralytics/ultralytics,1268,Python,4228,347,53825,0,0.9892
necolas/normalize.css,5416,CSS,56,0,53754,0,0.9091
laurent22/joplin,3332,TypeScript,5205,400,53703,0,0.9245
facebookresearch/segment-anything,1075,Jupyter Notebook,16,0,53546,0,0.2538
wagoodman/dive,2850,Go,164,28,53467,0,0.5496
romkatv/powerlevel10k,2563,Shell,168,33,53141,0,0.9558
vuejs/core,2820,TypeScript,3625,268,53109,0,0.8903
ngosang/trackerslist,3599,None,1,0,53082,0,0.9862
unslothai/unsloth,824,Python,765,23,52989,0,0.7098
google/material-design-icons,4163,None,50,16,52935,0,0.753
mozilla/pdf.js,5424,JavaScript,8445,83,52912,0,0.9589
firstcontributions/first-contributions,3450,None,94536,0,52801,0,0.9714
WerWolv/ImHex,1938,C++,725,82,52750,0,0.8051
microsoft/ai-agents-for-beginners,459,Jupyter Notebook,317,0,52484,0,1.0
Zie619/n8n-workflows,292,Python,34,1,52413,0,0.8247
JetBrains/kotlin,5131,Kotlin,2131,283,52397,0,0.0
ionic-team/ionic-framework,4577,TypeScript,6511,929,52380,0,0.9729
sickcodes/Docker-OSX,2097,Shell,109,0,52221,0,0.4214
cloudcommunity/Free-Certifications,2040,None,115,0,52209,0,0.2969
TryGhost/Ghost,4685,JavaScript,15640,951,51949,0,0.991
PowerShell/PowerShell,3701,C#,8063,193,51712,0,0.911
typst/typst,2351,Rust,2227,27,51701,0,0.7295
prettier/prettier,3380,JavaScript,9652,134,51687,0,0.833
2dust/v2rayNG,2483,Kotlin,541,281,51581,0,0.9986
etcd-io/etcd,4622,Go,10205,272,51568,0,0.984
xai-org/grok-1,715,Python,5,0,51525,0,0.0
google/guava,4295,Java,1183,57,51473,0,0.8305
vsouza/awesome-ios,4253,Swift,2240,0,51433,0,0.9959
jekyll/jekyll,6342,Ruby,3197,112,51419,0,0.9742
termux/termux-app,3783,Java,177,95,51393,0,0.8568
coollabsio/coolify,1862,PHP,2292,665,51266,0,0.8331
Semantic-Org/Semantic-UI,4711,JavaScript,356,154,51141,0,0.8451
chinese-poetry/chinese-poetry,3468,JavaScript,137,1,51008,0,0.4319
DefinitelyTyped/DefinitelyTyped,4896,TypeScript,52940,1,50996,0,0.9302
agalwood/Motrix,2631,JavaScript,192,21,50955,0,0.4409
ethereum/go-ethereum,4449,Go,8765,227,50881,0,0.9782
justjavac/awesome-wechat-weapp,3448,None,278,0,50559,0,0.0
poteto/hiring-without-whiteboards,3274,JavaScript,1309,0,50474,0,0.0
charlax/professional-programming,3768,Python,43,0,50403,0,1.0
dockur/windows,778,Shell,518,119,50180,0,0.898
jgthms/bulma,3691,CSS,646,22,50055,0,0.876
jesseduffield/lazydocker,2480,Go,191,45,49943,0,0.5126
harry0703/MoneyPrinterTurbo,721,Python,145,9,49788,0,0.6504
Avik-Jain/100-Days-Of-ML-Code,2797,None,6,0,49749,0,0.0
mastodon/mastodon,3661,Ruby,19124,327,49712,0,0.6706
cypress-io/cypress,4017,TypeScript,8067,387,49588,0,0.9206
FlowiseAI/Flowise,1067,TypeScript,1562,80,49510,0,0.7433
NARKOZ/hacker-scripts,3754,JavaScript,63,0,49425,0,0.6538
odoo/odoo,4311,Python,6182,0,49259,0,0.8111
lyswhut/lx-music-desktop,2392,TypeScript,88,111,49094,0,0.5417
AlistGo/alist,1895,Go,899,143,49093,0,0.8772
dkhamsing/open-source-ios-apps,4053,None,1540,37,49066,0,1.0
jellyfin/jellyfin,2640,C#,5173,102,49000,0,0.9233
nlohmann/json,4624,C++,994,45,48996,0,0.9844
dbeaver/dbeaver,3785,Java,6719,243,48888,0,0.842
huginn/huginn,4740,Ruby,1056,1,48793,0,0.7233
TanStack/query,2365,TypeScript,3199,1000,48678,0,0.9692
iamkun/dayjs,2883,JavaScript,715,125,48572,0,0.4751
JuliaLang/julia,5429,Julia,26862,195,48495,0,0.8511
ReactiveX/RxJava,4801,Java,3376,243,48485,0,0.9956
mem0ai/mem0,986,Python,1818,272,48470,0,0.6739
ChrisTitusTech/winutil,1404,PowerShell,1057,33,48452,0,0.9958
algorithm-visualizer/algorithm-visualizer,3579,JavaScript,183,0,48373,0,0.6179
moment/moment,5480,JavaScript,714,0,48058,0,0.94
pandas-dev/pandas,5669,Python,27949,118,48014,0,0.878
hashicorp/terraform,4372,Go,13198,402,47828,0,0.9181
x64dbg/x64dbg,3978,C++,774,4,47817,0,0.7856
lllyasviel/Fooocus,936,Python,448,21,47793,0,0.8647
sansan0/TrendRadar,308,Python,1,0,47779,0,0.9328
type-challenges/type-challenges,2048,TypeScript,600,0,47729,0,0.1079
expo/expo,3486,TypeScript,20556,0,47658,0,0.9817
serhii-londar/open-source-mac-os-apps,3041,None,614,0,47658,0,0.9677
kelseyhightower/kubernetes-the-hard-way,3525,None,73,0,47621,0,0.9498
minimaxir/big-list-of-naughty-strings,3859,Python,89,0,47608,0,0.3168
kamranahmedse/design-patterns-for-humans,3301,None,50,0,47602,0,0.9038
gogs/gogs,4401,Go,1866,96,47542,0,0.8219
bigskysoftware/htmx,2149,JavaScript,1049,27,47537,0,0.6351
skylot/jadx,4732,Java,617,34,47475,0,0.7971
upstash/context7,341,TypeScript,256,48,47458,0,0.9197
karan/Projects,4624,None,19,0,47447,0,0.4022
run-llama/llama_index,1216,Python,7617,425,47315,0,0.9667
freqtrade/freqtrade,3211,Python,6319,110,47300,0,0.995
akullpp/awesome-java,4254,None,733,0,47185,0,0.9855
ggml-org/whisper.cpp,1254,C++,931,31,47163,0,0.4671
typescript-cheatsheets/react,2830,JavaScript,375,0,46978,0,1.0
serverless/serverless,3968,JavaScript,4849,480,46950,0,0.8307
1c7/chinese-independent-developer,3084,None,409,0,46949,0,0.9917
brillout/awesome-react-components,3538,None,343,0,46939,0,0.8182
v2ray/v2ray-core,3832,Go,203,247,46922,0,0.9988
jakevdp/PythonDataScienceHandbook,3491,Jupyter Notebook,28,0,46910,0,0.3798
square/okhttp,4970,Kotlin,3961,0,46908,0,0.9845
slab/quill,4963,TypeScript,382,95,46900,0,0.8555
Homebrew/brew,3648,Ruby,13785,473,46805,0,0.9982
pixijs/pixijs,4788,TypeScript,3800,303,46669,0,0.9553
GokuMohandas/Made-With-ML,2674,Jupyter Notebook,147,0,46544,0,0.7662
discourse/discourse,4798,Ruby,33289,0,46463,0,0.0
metabase/metabase,4046,Clojure,39349,727,46274,0,0.8506
tw93/Pake,1235,Rust,110,41,46268,0,1.0
DovAmir/awesome-design-patterns,2828,None,30,0,46248,0,0.3333
OpenCut-app/OpenCut,253,TypeScript,187,2,46222,0,0.3427
ziishaned/learn-regex,3145,None,132,0,46163,0,0.4138
ClickHouse/ClickHouse,3560,C++,58816,745,46137,0,0.8331
Asabeneh/30-Days-Of-JavaScript,2261,JavaScript,100,0,46136,0,0.3371
makeplane/plane,1199,TypeScript,6264,53,46123,0,0.6188
oobabooga/text-generation-webui,1167,Python,1226,92,46116,0,0.3552
dypsilon/frontend-dev-bookmarks,4636,None,129,1,46112,0,0.7593
astral-sh/ruff,1301,Rust,13558,401,46060,0,0.7888
virattt/ai-hedge-fund,458,Python,40,0,46013,0,0.8826
acmesh-official/acme.sh,3719,Shell,1510,46,45838,0,0.6783
microsoft/AI-For-Beginners,1825,Jupyter Notebook,289,0,45770,0,0.9933
microsoft/monaco-editor,3555,JavaScript,558,187,45648,0,0.8143
tldraw/tldraw,1758,TypeScript,4408,101,45599,0,0.8727
android/architecture-samples,3678,Kotlin,232,0,45587,0,0.7108
prisma/prisma,2447,TypeScript,6740,242,45436,0,0.7982
LeCoupa/awesome-cheatsheets,3035,JavaScript,171,0,45432,0,0.602
GitHubDaily/GitHubDaily,2619,None,3,0,45406,0,0.2553
jeecgboot/JeecgBoot,2653,Java,125,68,45313,0,0.995
ColorlibHQ/AdminLTE,4450,CSS,1565,77,45312,0,0.9529
jestjs/jest,4466,TypeScript,5773,213,45308,0,0.9746
ghostty-org/ghostty,1434,Zig,3576,1,45227,0,0.9339
google/zx,1762,JavaScript,603,100,45225,0,0.9628
coreybutler/nvm-windows,4181,Go,107,23,45165,0,0.918
crewAIInc/crewAI,857,Python,1380,140,44992,0,0.9596
bevyengine/bevy,2235,Rust,7463,53,44840,0,0.6683
isocpp/CppCoreGuidelines,3848,CSS,824,4,44811,0,0.8015
meteor/meteor,5156,JavaScript,2657,0,44784,0,0.9745
RocketChat/Rocket.Chat,3940,TypeScript,15654,1000,44781,0,0.8629
NanmiCoder/MediaCrawler,997,Python,131,0,44710,0,0.7686
KRTirtho/spotube,1842,Dart,257,43,44693,0,0.6452
vercel/hyper,3531,TypeScript,3291,88,44689,0,0.7522
coqui-ai/TTS,2112,Python,467,98,44685,0,0.9959
slidevjs/slidev,1773,TypeScript,800,418,44583,0,0.8771
Leaflet/Leaflet,5640,JavaScript,3237,34,44580,0,0.9253
react-hook-form/react-hook-form,2554,TypeScript,2141,600,44563,0,0.9823
penpot/penpot,3716,Clojure,5486,69,44523,0,0.7497
gedoor/legado,2476,Kotlin,1139,115,44484,0,0.9916
apache/airflow,3976,Python,34043,114,44464,0,0.9013
grpc/grpc,4102,C++,20501,364,44430,0,0.9423
karpathy/nanochat,140,Python,72,0,44398,0,0.8707
GitSquared/edex-ui,3320,JavaScript,399,29,44356,0,0.9893
pyenv/pyenv,4931,Shell,1035,148,44340,0,0.9734
sudheerj/reactjs-interview-questions,2832,JavaScript,170,0,44306,0,0.9732
docker/awesome-compose,2209,HTML,149,0,44183,0,0.3071
astaxie/build-web-application-with-golang,4960,Go,757,0,44163,0,0.598
parcel-bundler/parcel,3129,JavaScript,2600,52,44047,0,0.9151
NaiboWang/EasySpider,2053,JavaScript,44,10,44007,0,0.6539
iina/iina,3360,Swift,882,47,43948,0,0.5729
iina/iina,3360,Swift,882,47,43948,0,0.5729
square/retrofit,5656,HTML,1338,4,43898,0,0.9541
babel/babel,4173,TypeScript,6539,452,43888,0,0.9345
yangshun/front-end-interview-handbook,2970,MDX,349,0,43863,0,0.8922
lukasz-madon/awesome-remote-job,4078,None,593,0,43843,0,0.8621
aymericdamien/TensorFlow-Examples,3764,Jupyter Notebook,88,0,43799,0,0.2983
streamlit/streamlit,2383,Python,6809,115,43701,0,0.8051
upscayl/upscayl,1311,TypeScript,0,29,43673,0,0.944
SimplifyJobs/Summer2026-Internships,2109,Python,1674,0,43606,0,0.9994
FuelLabs/fuels-rs,1583,Rust,908,120,43410,0,0.9246
AykutSarac/jsoncrack.com,1492,TypeScript,89,22,43401,0,0.8754
FuelLabs/fuels-ts,1641,TypeScript,1979,156,43364,0,0.9609
spf13/cobra,4563,Go,626,27,43326,0,0.8053
getsentry/sentry,5663,Python,81616,163,43253,0,0.8839
zhongyang219/TrafficMonitor,3137,C++,67,26,43219,0,0.3686
mudler/LocalAI,1080,Go,4921,97,43188,0,0.902
helix-editor/helix,2100,Rust,4609,30,43173,0,0.8248
milvus-io/milvus,2359,Go,24787,153,43061,0,0.9457
Unitech/pm2,4668,JavaScript,558,134,42966,0,0.802
apache/spark,4388,Scala,9,0,42911,0,0.2
Light-City/CPlusPlusThings,2423,C++,72,0,42898,0,0.9478
9001/copyparty,2472,Python,167,336,42889,0,0.7482
Kong/kong,4123,Lua,6501,145,42860,0,0.9874
cli/cli,2342,Go,2801,189,42839,0,0.8432
ziglang/zig,3862,Zig,9540,21,42784,0,0.7535
faif/python-patterns,5017,Python,289,0,42770,0,0.8854
alex/what-happens-when,4498,None,108,0,42758,0,0.1824
k88hudson/git-flight-rules,4241,None,226,0,42483,1,0.7808
mitmproxy/mitmproxy,5858,Python,2730,79,42467,0,0.8998
tmux/tmux,3925,C,2,39,42432,0,0.9913
bannedbook/fanqiang,4066,Kotlin,3,3,42410,0,0.5973
Alamofire/Alamofire,4232,Swift,664,104,42352,0,0.9883
jgm/pandoc,5826,Haskell,1759,153,42336,0,0.8817
hiroi-sora/Umi-OCR,1435,Python,58,31,42325,0,0.6162
DIYgod/RSSHub,2891,TypeScript,12067,0,42309,0,0.9432
files-community/Files,2614,C#,5504,130,42225,0,0.9541
apachecn/ailearning,3292,Python,478,2,42069,0,0.9741
mingrammer/diagrams,2220,Python,341,46,42044,0,0.4156
colinhacks/zod,2186,TypeScript,975,201,42014,0,0.9455
exo-explore/exo,616,Python,589,13,41975,0,0.8499
gradio-app/gradio,2630,Python,5341,1000,41901,0,0.9311
sharkdp/fd,3219,Rust,708,41,41846,0,0.86
fastapi/full-stack-fastapi-template,2564,TypeScript,621,12,41814,0,1.0
nolimits4web/swiper,5101,JavaScript,619,94,41804,0,0.9599
zhayujie/chatgpt-on-wechat,1303,Python,286,66,41751,0,0.8478
deepspeedai/DeepSpeed,2230,Python,2944,106,41714,0,0.6515
apache/dubbo,5004,Java,6017,113,41704,0,0.8907
siyuan-note/siyuan,2010,TypeScript,675,877,41587,0,0.9791
byoungd/English-level-up-tips,3198,None,26,0,41578,0,0.7358
nwjs/nw.js,5171,JavaScript,575,0,41564,0,0.8719
yarnpkg/yarn,3695,JavaScript,1655,153,41534,0,0.7167
ray-project/ray,3415,Python,30039,122,41529,0,0.87
dcloudio/uni-app,2790,JavaScript,553,0,41438,0,0.8678
psf/black,2910,Python,1722,51,41410,0,0.8941
dylanaraps/pure-bash-bible,2819,Shell,28,0,41397,0,0.4286
hpcaitech/ColossalAI,1586,Python,3705,50,41361,0,0.7461
logseq/logseq,2110,Clojure,3131,152,41281,0,0.8806
hexojs/hexo,4908,TypeScript,975,117,41274,0,0.9812
usebruno/bruno,1252,JavaScript,2035,160,41241,0,0.6243
zai-org/ChatGLM-6B,1085,Python,49,0,41228,0,0.5724
ccxt/ccxt,3214,Python,14172,214,41170,0,0.9291
bailicangdu/vue2-elm,3356,Vue,21,0,41167,0,0.8114
fastlane/fastlane,4108,Ruby,6342,560,41118,0,0.9496
Aider-AI/aider,1028,Python,284,93,41116,0,0.7069
karanpratapsingh/system-design,1295,None,12,0,41065,0,0.913
chubin/cheat.sh,3221,Python,129,0,41046,0,0.5114
styled-components/styled-components,3485,TypeScript,995,189,41030,0,0.8965
vuetifyjs/vuetify,3459,TypeScript,4658,639,40974,0,0.9676
curl/curl,5828,C,202,94,40963,0,0.9976
payloadcms/payload,1882,TypeScript,6738,558,40908,0,0.9389
juspay/hyperswitch,1232,Rust,6507,152,40824,0,0.7249
tabler/tabler,2951,HTML,787,51,40807,0,0.9243
janhq/jan,928,TypeScript,3388,97,40776,0,0.9308
LC044/WeChatMsg,1146,None,62,0,40595,0,0.0
CherryHQ/cherry-studio,647,TypeScript,2979,244,40545,0,0.9452
bradtraversy/50projects50days,1932,CSS,44,0,40460,0,0.0
Raphire/Win11Debloat,1952,PowerShell,57,23,40426,0,0.8861
calcom/cal.com,1806,TypeScript,12890,611,40411,0,0.8916
saadeghi/daisyui,1920,Svelte,524,184,40390,0,0.9858
zen-browser/desktop,705,JavaScript,779,154,40388,0,0.9423
DataExpert-io/data-engineer-handbook,834,Jupyter Notebook,177,0,40381,0,0.8452
chakra-ui/chakra-ui,2389,TypeScript,2924,1000,40307,0,0.9986
QSCTech/zju-icicles,3534,HTML,232,0,40285,0,0.8846
jingyaogong/minimind,583,Python,9,2,40248,0,0.9614
twentyhq/twenty,1187,TypeScript,10035,59,40179,0,0.9667
aria2/aria2,5574,C++,254,24,40172,0,0.4318
zbezj/HEU_KMS_Activator,2445,None,0,49,40146,0,0.1598
wg/wrk,5095,C,0,0,40101,0,0.6437
charmbracelet/bubbletea,2243,Go,673,72,40083,0,0.769
remoteintech/remote-jobs,3793,Nunjucks,1373,0,40051,0,0.9655
php/php-src,5373,C,4782,42,39943,0,0.8094
vim/vim,3849,Vim Script,440,0,39939,0,0.8327
google-research/bert,2685,Python,32,0,39878,0,0.31
pingcap/tidb,3830,Go,34601,213,39841,0,0.8016
evanw/esbuild,3548,Go,257,309,39797,0,0.8589
HeyPuter/puter,729,JavaScript,1298,8,39761,0,0.8401
ComposioHQ/awesome-claude-skills,136,Python,20,0,39692,0,0.0545
trpc/trpc,2053,TypeScript,3849,230,39646,0,0.8887
go-gorm/gorm,4511,Go,775,11,39608,0,0.9199
freefq/free,2094,None,0,0,39596,0,0.3181
videojs/video.js,5771,JavaScript,1819,334,39513,0,0.8897
floodsung/Deep-Learning-Papers-Reading-Roadmap,3426,Python,28,0,39475,0,0.0877
danielmiessler/Fabric,789,Go,597,381,39432,0,0.9749
lm-sys/FastChat,1080,Python,852,14,39421,0,0.554
photoprism/photoprism,2956,Go,881,79,39376,0,0.8258
gofiber/fiber,2237,Go,2108,135,39326,0,0.9761
appsmithorg/appsmith,2071,TypeScript,14086,301,39302,0,0.8141
facebookresearch/faiss,3310,C++,137,23,39251,0,0.9174
goabstract/Awesome-Design-Tools,2575,JavaScript,283,0,39161,0,0.5306
Dogfalo/materialize,4189,JavaScript,449,41,39127,0,0.8807
phaserjs/phaser,4707,JavaScript,1734,173,39106,0,0.9809
google/styleguide,3939,HTML,197,0,39062,0,0.6722
koalaman/shellcheck,4853,Haskell,331,30,39043,0,0.5977
suno-ai/bark,1060,Jupyter Notebook,19,0,39027,0,0.5073
QuivrHQ/quivr,1025,Python,1824,354,38967,0,0.9974
imputnet/cobalt,1333,Svelte,249,0,38964,0,0.8046
google/leveldb,4205,C++,64,21,38867,0,0.6853
2noise/ChatTTS,644,Python,220,6,38841,0,0.9137
DataTalksClub/data-engineering-zoomcamp,1593,Jupyter Notebook,453,0,38799,0,0.9858
bmad-code-org/BMAD-METHOD,323,JavaScript,370,24,38781,0,0.9178
chatboxai/chatbox,1092,TypeScript,0,52,38730,0,0.6026
mifi/lossless-cut,3410,TypeScript,223,105,38685,0,0.869
novuhq/novu,1649,TypeScript,6851,108,38638,0,0.9245
mindsdb/mindsdb,2769,Python,5776,336,38613,0,0.9836
nushell/nushell,2488,Rust,8433,117,38563,0,0.7902
freeCodeCamp/devdocs,4512,Ruby,982,0,38560,0,0.8439
impress/impress.js,5178,JavaScript,124,15,38517,0,0.8944
preactjs/preact,3825,JavaScript,1992,240,38434,0,0.9689
remotion-dev/remotion,2078,TypeScript,4158,593,38383,0,0.9671
agno-agi/agno,1398,Python,2881,171,38358,0,0.8593
google/googletest,3870,C++,813,11,38285,0,0.8414
gto76/python-cheatsheet,2958,Python,0,0,38260,0,1.0
PhilJay/MPAndroidChart,4329,Java,191,44,38227,0,0.5837
PatrickJS/awesome-cursorrules,532,MDX,70,0,38194,0,0.1569
lapce/lapce,2946,Rust,1177,35,38113,0,0.5967
microsoft/qlib,2026,Python,750,23,38088,0,0.732
istio/istio,3391,Go,29442,423,38033,0,0.9806
halo-dev/halo,2903,Java,2943,249,38015,0,0.9487
Kong/insomnia,3600,TypeScript,3740,546,37981,0,0.8179
ant-design/ant-design-pro,3111,TypeScript,1025,26,37973,0,0.9822
naptha/tesseract.js,3904,JavaScript,204,57,37887,0,0.9578
dotnet/aspnetcore,4374,C#,18564,275,37754,0,0.9082
denysdovhan/wtfjs,3153,JavaScript,125,25,37735,0,0.8136
tw93/Mole,160,Shell,110,26,37695,0,0.9912
rapid7/metasploit-framework,5298,Ruby,11656,0,37644,0,0.9264
FreeCodeCampChina/freecodecamp.cn,3440,CSS,55,0,37639,0,0.7581
httpie/cli,5119,Python,406,47,37622,0,0.7945
pola-rs/polars,2119,Rust,12698,248,37590,0,0.7976
huihut/interview,2943,C++,36,0,37546,0,0.9848
ToolJet/ToolJet,1798,JavaScript,7704,447,37535,0,0.8811
BerriAI/litellm,950,Python,9564,1000,37504,0,0.9112
RSSNext/Folo,693,TypeScript,1432,93,37451,0,0.8518
vlang/v,2579,V,13070,302,37449,0,0.8914
LAION-AI/Open-Assistant,1175,Python,1616,127,37446,0,0.8621
outline/outline,3571,TypeScript,4147,157,37414,0,0.9905
TencentARC/GFPGAN,1809,Python,14,8,37388,0,0.2652
TeamNewPipe/NewPipe,3833,Java,1795,140,37382,0,0.8688
google-research/google-research,2706,Jupyter Notebook,29,0,37379,0,0.2417
chatchat-space/Langchain-Chatchat,1067,Python,621,31,37370,0,0.9983
eugenp/tutorials,4690,Java,13716,0,37350,0,0.9785
NervJS/taro,2885,TypeScript,3462,207,37326,0,0.8766
CorentinTh/it-tools,2157,Vue,493,10,37324,0,0.3259
kilimchoi/engineering-blogs,3915,Ruby,681,0,37200,0,0.7732
exacity/deeplearningbook-chinese,3372,TeX,16,7,37200,0,0.6847
0voice/interview_internal_reference,2457,Python,35,0,37191,0,0.3654
llvm/llvm-project,3372,LLVM,74939,149,37187,0,0.6962
spacedriveapp/spacedrive,1617,Rust,1957,28,37181,0,0.9774
vnpy/vnpy,4018,Python,1063,66,37137,0,0.9954
alibaba/arthas,2742,Java,579,66,37118,0,0.8228
docker/compose,4466,Go,3752,275,37094,0,0.9946
openai/gym,3596,Python,999,19,37067,0,0.9386
paperless-ngx/paperless-ngx,1479,Python,2981,142,37064,0,1.0
ManimCommunity/manim,2113,Python,2039,33,37004,0,0.7841
huiyadanli/RevokeMsgPatcher,2416,C#,12,21,36987,0,0.9517
satwikkansal/wtfpython,3108,Python,113,2,36913,0,0.7054
AobingJava/JavaFamily,2302,None,2,0,36894,0,0.9091
babysor/MockingBird,1668,Python,82,1,36877,0,0.4652
inkonchain/docs,664,MDX,406,0,36833,0,0.3514
drawdb-io/drawdb,960,JavaScript,349,0,36811,0,0.635
inkonchain/node,658,Shell,36,6,36783,0,0.5
PKUanonym/REKCARC-TSC-UHT,2523,HTML,175,0,36758,0,0.9412
exelban/stats,2469,Swift,433,321,36734,0,0.9906
sqlmapproject/sqlmap,4997,Python,180,11,36732,0,0.9928
portainer/portainer,3574,TypeScript,4784,176,36729,0,0.8865
inkonchain/ink-kit,483,TypeScript,91,0,36689,0,0.6
shadowsocks/shadowsocks-android,4824,Kotlin,258,186,36677,0,0.9785
markedjs/marked,5335,TypeScript,1639,165,36616,0,0.9946
roboflow/supervision,1190,Python,1119,35,36615,0,0.8337
open-guides/og-aws,3519,Shell,498,0,36595,0,0.386
alebcay/awesome-shell,4256,None,307,0,36566,0,0.3651
date-fns/date-fns,4165,TypeScript,1068,122,36493,0,0.6781
gkd-kit/gkd,972,Kotlin,8,64,36446,0,0.9864
huggingface/pytorch-image-models,2585,Python,522,75,36418,0,0.9532
duckdb/duckdb,2806,C++,9574,56,36412,0,0.9184
karpathy/LLM101n,645,None,0,0,36401,0,0.0
fengdu78/Coursera-ML-AndrewNg-Notes,3040,HTML,14,0,36370,0,0.2174
typeorm/typeorm,3654,TypeScript,2372,40,36358,0,0.9515
chatanywhere/GPT_API_free,1044,Python,1,0,36309,0,0.8732
DavidHDev/react-bits,573,JavaScript,155,0,36305,0,0.9895
nextlevelbuilder/ui-ux-pro-max-skill,92,Python,60,14,36229,0,0.3881
code-yeongyu/oh-my-opencode,89,TypeScript,631,147,36216,0,0.8374
SheetJS/sheetjs,4837,None,106,0,36204,0,0.9501
hankcs/HanLP,4162,Python,79,62,36166,0,0.9944
slatedocs/slate,4553,None,298,28,36162,2,0.9179
formulahendry/955.WLB,2532,None,18,0,36134,0,0.308
lerna/lerna,3741,TypeScript,1021,249,36089,0,0.8585
myshell-ai/OpenVoice,824,Python,18,0,36022,0,0.2098
juanfont/headscale,2080,Go,1231,132,36020,0,0.9344
geekxh/hello-algorithm,2103,Java,26,0,36017,0,0.75
666ghj/BettaFish,609,Python,103,6,35990,0,0.9588
XingangPan/DragGAN,1019,Python,18,0,35975,0,0.2396
carbon-app/carbon,3181,JavaScript,669,215,35958,0,0.91
aseprite/aseprite,4213,C++,480,123,35899,0,0.5892
opentofu/manifesto,932,HTML,765,0,35891,0,0.5385
qbittorrent/qBittorrent,5140,C++,4119,0,35783,0,0.858
reworkd/AgentGPT,1060,TypeScript,541,12,35757,0,0.7186
servo/servo,5136,Rust,23020,5,35754,0,0.8106
ShareX/ShareX,4528,C#,773,85,35742,0,0.9214
deepseek-ai/awesome-deepseek-integration,781,None,289,0,35741,0,0.9872
koajs/koa,4608,JavaScript,541,16,35737,0,0.9796
fastify/fastify,3442,JavaScript,3261,306,35719,0,0.965
doocs/leetcode,2724,Java,4457,21,35709,0,1.0
mattermost/mattermost,3913,TypeScript,20505,934,35623,0,0.9413
jondot/awesome-react-native,3994,JavaScript,912,0,35618,0,0.5
YunaiV/ruoyi-vue-pro,1863,Java,73,54,35590,0,0.9946
jaywcjlove/linux-command,3397,Markdown,370,32,35581,0,0.6364
airbnb/lottie-android,3434,Java,720,63,35580,2,0.9691
junegunn/vim-plug,4556,Vim Script,179,8,35579,0,0.9337
veggiemonk/awesome-docker,4180,Makefile,991,1,35561,0,0.9784
amruthpillai/reactive-resume,2168,TypeScript,725,109,35517,0,0.9771
XTLS/Xray-core,1939,Go,1203,106,35502,0,0.9917
alvarotrigo/fullPage.js,4546,JavaScript,326,108,35485,2,0.9735
umami-software/umami,2054,TypeScript,868,106,35478,0,0.9536
xyflow/xyflow,2422,TypeScript,1468,369,35446,0,0.9611
ueberdosis/tiptap,2751,TypeScript,1503,950,35399,0,0.7712
nativefier/nativefier,3893,TypeScript,261,99,35353,0,0.7939
vadimdemedes/ink,3185,TypeScript,289,72,35306,0,0.9584
solidjs/solid,2869,TypeScript,395,35,35229,0,0.902
sahat/hackathon-starter,4492,JavaScript,446,18,35211,0,0.9986
unknwon/the-way-to-go_ZH_CN,4726,Go,592,0,35167,0,0.0
hashicorp/vault,4024,Go,21322,174,35139,0,0.8135
bumptech/glide,4620,Java,605,54,35031,0,0.8712
jax-ml/jax,2685,Python,17693,134,34983,0,0.7551
DioxusLabs/dioxus,1872,Rust,1969,33,34982,0,0.7572
geekan/HowToLiveLonger,1416,None,14,0,34951,0,0.7357
zsh-users/zsh-autosuggestions,4510,Shell,116,0,34926,0,0.7387
pbatard/rufus,5217,C,1,88,34926,0,0.9966
sorrycc/awesome-javascript,4262,None,404,0,34917,0,0.957
LizardByte/Sunshine,1538,C++,1714,45,34898,0,0.9357
TriliumNext/Trilium,3206,TypeScript,1792,348,34845,0,0.8347
netty/netty,5592,Java,5052,0,34834,0,0.9168
typicode/husky,4270,JavaScript,262,80,34829,0,0.9288
geekcomputers/Python,5206,Python,2016,0,34783,0,0.3006
BVLC/caffe,4554,C++,1087,14,34780,0,0.813
fxsjy/jieba,4902,Python,96,9,34776,0,0.2646
RVC-Project/Retrieval-based-Voice-Conversion-WebUI,1071,Python,477,7,34638,0,0.6585
ryanhanwu/How-To-Ask-Questions-The-Smart-Way,3992,JavaScript,98,0,34634,0,0.6667
mouredev/Hello-Python,1307,Python,0,0,34621,0,0.9506
Textualize/textual,1789,Python,2282,211,34565,0,0.917
laravel/framework,4799,PHP,17544,911,34547,0,0.9973
alan2207/bulletproof-react,1737,TypeScript,70,0,34543,0,0.6581
xinntao/Real-ESRGAN,1687,Python,21,10,34488,0,0.2314
kuchin/awesome-cto,3363,None,18,0,34422,0,1.0
jaredpalmer/formik,3183,TypeScript,836,200,34387,0,0.6887
directus/directus,4828,TypeScript,8524,356,34343,0,0.9637
nodejs/node-v0.x-archive,6123,None,218,0,34341,0,1.0
xitu/gold-miner,3771,None,3563,0,34340,0,0.998
mpv-player/mpv,4888,C,3776,88,34278,0,0.9101
schollz/croc,3058,Go,283,180,34275,0,0.9964
python-poetry/poetry,2924,Python,2425,147,34267,0,0.9199
danny-avila/LibreChat,1115,TypeScript,2870,78,34259,0,0.9438
chenfei-wu/TaskMatrix,1096,Python,21,0,34244,0,0.381
hyprwm/Hyprland,1447,C++,2261,106,34226,0,0.9921
nextcloud/server,3560,PHP,30928,405,34217,0,0.8811
gchq/CyberChef,3381,JavaScript,551,451,34198,0,0.6005
google/langextract,237,Python,78,12,34197,0,0.5111
pnpm/pnpm,3686,TypeScript,3014,1000,34187,0,0.615
testerSunshine/12306,3211,Python,31,1,34182,0,0.6754
zenorocha/clipboard.js,3818,JavaScript,117,42,34178,0,0.9825
refinedev/refine,1867,TypeScript,4641,1000,34167,0,0.9913
facebookresearch/detectron2,2370,Python,0,10,34146,0,0.8683
microsoft/Data-Science-For-Beginners,1825,Jupyter Notebook,449,0,34110,0,1.0
xkcoding/spring-boot-demo,3034,Java,15,0,34102,0,0.422
TheAlgorithms/JavaScript,3154,JavaScript,798,0,34078,1,0.9058
SeleniumHQ/selenium,4795,Java,3637,114,34058,0,0.9892
ashishps1/awesome-system-design-resources,859,Java,3,0,34058,0,0.8667
atlassian/react-beautiful-dnd,3127,JavaScript,531,68,34048,0,0.6467
anoma/anoma,1854,Elixir,897,12,34036,0,0.8836
qishibo/AnotherRedisDesktopManager,2610,JavaScript,152,53,33974,0,0.8509
google-ai-edge/mediapipe,2454,C++,201,64,33948,0,0.9222
ehang-io/nps,2675,Go,74,59,33937,0,0.5784
anthropics/claude-cookbooks,930,Jupyter Notebook,145,0,33935,0,0.8571
ajeetdsouza/zoxide,2188,Rust,247,37,33897,0,0.8359
TheAlgorithms/C-Plus-Plus,3516,C++,705,0,33897,0,0.9758
zxing/zxing,5255,Java,345,32,33870,0,0.997
GorvGoyl/Clone-Wars,1916,None,130,0,33845,0,0.814
harness/harness,4406,Go,1053,55,33839,0,0.9603
1Panel-dev/1Panel,1322,Go,4684,108,33838,0,0.934
CMU-Perceptual-Computing-Lab/openpose,3234,C++,174,15,33812,0,0.8306
halfrost/LeetCode-Go,3150,Go,178,4,33811,0,0.7805
Pythagora-io/gpt-pilot,929,Python,396,0,33804,0,0.5668
alibaba/easyexcel,2946,Java,190,14,33757,0,0.8649
jqlang/jq,4975,C,678,15,33726,0,0.8448
Blankj/AndroidUtilCode,3502,Java,88,117,33711,0,0.8044
AFNetworking/AFNetworking,5389,Objective-C,710,40,33690,0,0.0
lllyasviel/ControlNet,1125,Python,5,0,33677,0,0.2404
ZuodaoTech/everyone-can-use-english,2544,TypeScript,462,48,33644,0,0.8
carbon-language/carbon-lang,2135,C++,5023,603,33635,0,0.773
filebrowser/filebrowser,3825,Go,761,128,33634,0,0.9903
shadowsocks/shadowsocks,5064,Python,70,2,33629,0,0.0
asgeirtj/system_prompts_leaks,303,HTML,20,0,33515,0,0.0
XX-net/XX-Net,4064,Python,363,390,33441,0,0.4061
sxyazi/yazi,968,Rust,1125,30,33366,0,0.9728
lib-pku/libpku,2657,TeX,22,0,33335,0,0.7442
v2fly/v2ray-core,2513,Go,978,121,33310,0,0.9777
IceWhaleTech/CasaOS,1618,Go,275,97,33310,0,0.534
swc-project/swc,2992,Rust,5883,780,33265,0,0.9093
explosion/spaCy,4260,Python,3597,133,33264,0,0.9727
bayandin/awesome-awesomeness,4255,Ruby,197,0,33261,0,0.7536
balena-io/etcher,3779,TypeScript,1731,289,33207,0,0.7517
pcottle/learnGitBranching,4949,JavaScript,648,0,33184,0,0.9
bilibili/ijkplayer,4655,C,35,0,33123,0,0.4731
adobe/brackets,5199,JavaScript,4332,69,33106,1,0.7297
keycloak/keycloak,4626,Java,19190,101,33095,0,0.8701
immutable-js/immutable-js,4261,TypeScript,621,90,33095,0,0.925
awesome-foss/awesome-sysadmin,4087,None,341,0,33059,0,0.8571
mckaywrigley/chatbot-ui,1087,TypeScript,281,0,33057,0,0.8154
utmapp/UTM,2516,Swift,277,128,33051,0,0.7276
drizzle-team/drizzle-orm,1712,TypeScript,659,169,33040,0,0.6436
gulpjs/gulp,4624,JavaScript,412,24,33010,0,0.9845
TabbyML/tabby,1082,Rust,3001,249,32972,0,0.7606
SerenityOS/serenity,2647,C++,19921,0,32957,0,0.8316
derailed/k9s,2593,Go,956,257,32948,0,0.9132
wailsapp/wails,2634,Go,1690,292,32921,0,0.9017
huggingface/diffusers,1372,Python,5505,88,32907,0,0.8839
shadowsocks/ShadowsocksX-NG,3552,Swift,64,30,32907,0,0.7728
GyulyVGC/sniffnet,1310,Rust,480,16,32891,0,0.8503
certbot/certbot,4128,Python,4077,68,32876,0,0.9761
AdguardTeam/AdGuardHome,3526,Go,125,229,32859,0,0.7939
ocrmypdf/OCRmyPDF,4455,Python,169,52,32804,0,0.897
khoj-ai/khoj,1659,Python,486,170,32793,0,0.8574
ibraheemdev/modern-unix,1876,None,15,0,32792,0,0.3614
nothings/stb,4299,C,291,0,32776,0,0.7655
fish-shell/fish-shell,5044,Rust,2192,62,32764,0,0.9388
firecracker-microvm/firecracker,3056,Rust,3419,84,32763,0,0.9663
zeromicro/go-zero,2033,Go,2435,149,32733,0,0.9125
backstage/backstage,2229,TypeScript,20306,494,32721,0,0.9606
google/comprehensive-rust,1167,Rust,2402,0,32684,0,0.6731
openai/CLIP,1902,Jupyter Notebook,29,0,32678,0,0.4344
alibaba/nacos,2817,Java,3309,88,32676,0,0.9777
mli/paper-reading,1592,None,15,0,32615,0,0.0
qier222/YesPlayMusic,1970,Vue,292,32,32609,0,0.6543
binarywang/WxJava,3708,Java,1172,31,32589,0,0.9943
MonitorControl/MonitorControl,3089,Swift,220,26,32554,0,0.9842
lutzroeder/netron,5545,JavaScript,1,4,32505,0,0.9864
stanfordnlp/dspy,1148,Python,1455,106,32490,0,0.81
restic/restic,4327,Go,2318,49,32487,0,0.8478
chen08209/FlClash,930,Dart,2,102,32482,0,0.6214
floating-ui/floating-ui,3625,TypeScript,1208,499,32455,0,0.9776
yewstack/yew,2998,Rust,1870,38,32450,0,0.9194
beego/beego,5115,Go,1326,42,32431,0,0.9997
remix-run/remix,1953,TypeScript,3658,357,32430,0,0.987
open-mmlab/mmdetection,2749,Python,2359,53,32425,0,0.7923
ziadoz/awesome-php,4479,None,457,0,32399,0,0.9871
cursor/cursor,1087,None,47,0,32350,0,0.0
k3s-io/k3s,2832,Go,4460,953,32338,0,0.9854
vercel/swr,2317,TypeScript,816,126,32329,0,0.8541
thedotmack/claude-mem,183,TypeScript,211,209,32323,0,0.9451
glanceapp/glance,674,Go,110,33,32322,0,0.5791
lizongying/my-tv,819,C,11,72,32262,0,0.8436
google/material-design-lite,4065,HTML,655,14,32212,0,0.823
labstack/echo,4019,Go,629,116,32209,0,0.9671
0xAX/linux-insides,4076,Python,619,0,32206,0,0.8796
yunjey/pytorch-tutorial,3279,Python,28,0,32201,0,0.6333
medusajs/medusa,2235,TypeScript,8405,146,32192,0,0.9803
block/goose,556,Rust,4258,118,32183,0,0.8413
Lissy93/web-check,981,TypeScript,53,1,32178,0,0.4815
facebookresearch/fairseq,3107,Python,236,16,32170,0,0.7183
The-Run-Philosophy-Organization/run,1422,None,172,0,32147,0,0.8276
linera-io/linera-protocol,1534,Rust,3526,31,32139,0,0.6273
datalab-to/marker,854,Python,228,71,32083,0,0.4992
apache/kafka,5313,Java,12755,0,32057,0,0.0
frappe/erpnext,5381,Python,28631,1000,32029,0,0.8901
ashishpatel26/500-AI-Machine-learning-Deep-learning-Computer-vision-NLP-Projects-with-code,1885,None,3,0,31990,0,0.3514
PDFMathTranslate/PDFMathTranslate,542,Python,136,24,31982,0,0.8551
linexjlin/GPTs,842,None,45,0,31975,0,0.6774
lovell/sharp,4578,JavaScript,311,107,31963,0,0.9707
cockroachdb/cockroach,4408,Go,72698,0,31959,0,0.9191
NginxProxyManager/nginx-proxy-manager,2994,TypeScript,683,86,31921,0,0.7357
hasura/graphql-engine,2814,TypeScript,2110,300,31908,0,0.6499
dokku/dokku,4650,Shell,4511,317,31885,0,0.9905
nicolargo/glances,5202,Python,772,55,31865,0,0.9398
PostHog/posthog,2230,Python,34193,80,31849,0,0.7011
Trinea/android-open-project,4439,None,204,0,31839,2,0.8621
Chanzhaoyu/chatgpt-web,1117,Vue,159,43,31815,0,1.0
niklasvh/html2canvas,5344,TypeScript,186,45,31805,0,0.632
casey/just,3545,Rust,1370,131,31788,0,0.7437
microsoft/MS-DOS,2807,Assembly,37,0,31765,0,0.0
valinet/ExplorerPatcher,1666,C,19,296,31725,0,0.8861
airbnb/lottie-web,4028,JavaScript,136,0,31721,0,0.7318
amix/vimrc,5025,Vim Script,107,0,31712,0,0.9751
ReactiveX/rxjs,4005,TypeScript,2588,2,31648,0,0.9295
vbenjs/vue-vben-admin,2060,Vue,1748,61,31641,0,0.9795
continuedev/continue,1013,TypeScript,3887,802,31604,0,0.8235
anthropics/prompt-eng-interactive-tutorial,699,Jupyter Notebook,1,0,31593,0,0.1212
facebook/rocksdb,4840,C++,619,212,31582,0,0.7574
codex-team/editor.js,3747,TypeScript,869,106,31576,0,0.6084
ianstormtaylor/slate,3544,TypeScript,1978,210,31575,0,0.789
shardeum/shardeum,685,TypeScript,326,0,31570,0,0.85
kovidgoyal/kitty,3424,Python,1238,132,31567,0,0.9986
numpy/numpy,5649,Python,13899,139,31546,0,0.8483
kubernetes/minikube,3608,Go,9396,154,31541,0,0.9504
conductor-oss/conductor,815,Java,334,33,31485,0,0.5966
tinygrad/tinygrad,1961,Python,10469,14,31472,0,0.8855
OWASP/CheatSheetSeries,2628,Python,1196,0,31453,0,0.9204
surrealdb/surrealdb,1544,Rust,2590,119,31417,0,0.7537
OpenBMB/ChatDev,917,Python,136,11,31345,0,0.8907
coolsnowwolf/lede,3099,C,2051,7,31338,0,0.9123
raysan5/raylib,4512,C,2437,24,31328,0,0.9995
influxdata/influxdb,4540,Rust,10937,95,31310,0,0.8552
tokio-rs/tokio,3461,Rust,3800,140,31284,0,0.8761
alpinejs/alpine,2286,HTML,694,146,31255,0,1.0
mathiasbynens/dotfiles,5292,Shell,44,0,31252,0,0.6489
microsoft/WSL,3617,C++,525,97,31237,0,0.9236
donnemartin/interactive-coding-challenges,3961,Python,176,0,31207,0,0.4638
Dokploy/dokploy,682,TypeScript,1320,146,31189,0,0.7565
microsoft/graphrag,705,Python,718,35,31181,0,0.9674
parallax/jsPDF,5930,JavaScript,752,41,31159,0,0.9598
TauricResearch/TradingAgents,429,Python,19,1,31119,0,0.1701
motiondivision/motion,2663,TypeScript,1166,0,31115,0,0.8883
mqyqingfeng/Blog,3276,None,3,0,31110,0,0.2538
MHSanaei/3x-ui,1117,HTML,637,101,31108,0,0.8485
DevToys-app/DevToys,1615,C#,501,39,31027,0,0.6789
SagerNet/sing-box,1341,Go,190,496,31024,0,0.946
SortableJS/Sortable,4456,JavaScript,248,31,31022,0,0.737
docsifyjs/docsify,3389,JavaScript,780,16,31019,0,0.9375
patchy631/ai-engineering-hub,497,Jupyter Notebook,62,0,31011,0,0.3182
tqdm/tqdm,3925,Python,289,133,30986,0,0.5723
fabricjs/fabric.js,5745,TypeScript,2427,181,30969,0,0.9315
symfony/symfony,5901,PHP,25539,600,30962,0,0.9826
OAI/OpenAPI-Specification,4382,Markdown,1793,14,30928,0,0.9572
iawia002/lux,2928,Go,304,86,30925,0,0.5107
pear-devs/pear-desktop,2509,TypeScript,1630,87,30925,0,0.705
eriklindernoren/ML-From-Scratch,3312,Python,9,0,30923,0,0.4744
Lightning-AI/pytorch-lightning,2529,Python,9335,172,30887,0,0.8885
ascoders/weekly,3269,JavaScript,136,193,30877,0,0.9919
microsoft/calculator,2590,C++,913,0,30862,0,0.6353
containers/podman,3043,Go,12193,236,30859,0,0.9126
alibaba/p3c,3174,Kotlin,62,0,30828,1,0.8126
blueimp/jQuery-File-Upload,5570,PHP,119,0,30811,0,0.9852
webtorrent/webtorrent,4521,JavaScript,970,229,30811,0,0.9594
AMAI-GmbH/AI-Expert-Roadmap,1955,JavaScript,14,0,30769,1,0.7714
mantinedev/mantine,1880,TypeScript,1591,290,30709,0,0.9907
XIU2/TrackersListCollection,2342,None,7,0,30701,0,0.0
seaweedfs/seaweedfs,4249,Go,3653,288,30699,0,0.8229
transloadit/uppy,3759,TypeScript,3274,392,30662,0,0.9329
aristocratos/btop,1761,C++,371,54,30662,0,0.5333
ityouknow/spring-boot-examples,3404,Java,7,0,30648,0,0.9083
blakeblackshear/frigate,2592,TypeScript,3713,81,30592,0,0.9843
refined-github/refined-github,3668,TypeScript,3595,185,30579,0,0.9812
iperov/DeepFaceLive,1903,Python,13,35,30576,0,0.9931
s0md3v/roop,1009,Python,82,6,30544,0,0.0
layui/layui,3814,JavaScript,672,173,30537,0,0.9628
dgtlmoon/changedetection.io,1860,Python,1050,202,30412,0,0.8207
VincentGarreau/particles.js,4195,JavaScript,21,6,30348,0,0.2597
sequelize/sequelize,5702,TypeScript,5019,489,30345,0,0.9135
chinabugotech/hutool,4341,Java,514,156,30335,0,0.9994
VSCodium/vscodium,2758,Shell,623,263,30325,0,0.9175
trailofbits/algo,3578,Python,685,4,30318,0,0.9606
pmndrs/react-three-fiber,2562,TypeScript,689,131,30303,0,0.9957
herrbischoff/awesome-macos-command-line,3814,None,104,0,30303,0,0.0
ValveSoftware/Proton,2911,C++,13,76,30294,0,0.4491
Binaryify/NeteaseCloudMusicApi,3540,None,292,0,30291,1,0.89
tatsu-lab/stanford_alpaca,1088,Python,6,0,30274,0,0.3657
facebook/folly,5022,C++,13,280,30267,0,0.755
jobbole/awesome-python-cn,3772,Makefile,51,0,30241,0,0.5455
joshbuchea/HEAD,3603,None,87,0,30240,0,0.7849
cfenollosa/os-tutorial,4172,C,11,0,30200,0,0.5824
AvaloniaUI/Avalonia,4470,C#,5638,119,30157,0,0.7786
cheeriojs/cheerio,5258,TypeScript,3116,62,30138,0,0.9829
spf13/viper,4352,Go,520,35,30111,0,0.9914
openai/openai-python,1954,Python,1051,367,30098,0,0.8675
dragonflydb/dragonfly,1542,C++,3973,114,30093,0,0.8759
waydabber/BetterDisplay,1590,None,2,119,30075,0,0.9417
telegramdesktop/tdesktop,4322,C++,1838,829,30032,0,0.9432
grafana/k6,3633,Go,2456,85,30025,0,0.7156
sunface/rust-course,2764,Rust,811,0,30011,0,0.7032
songquanpeng/one-api,1045,JavaScript,287,55,30002,0,0.4986
wshobson/agents,221,Python,53,0,29979,0,0.8983
jumpserver/jumpserver,4259,Python,7866,263,29966,0,0.992
xuxueli/xxl-job,3747,Java,124,42,29943,0,0.9482
StevenBlack/hosts,5072,Python,507,832,29929,0,0.9405
vercel/turborepo,1609,Rust,7127,667,29914,0,0.9439
encode/django-rest-framework,5479,Python,3103,21,29912,0,0.9901
square/leakcanary,3960,Kotlin,932,43,29904,0,0.9148
kingToolbox/WindTerm,2336,C,1,32,29893,0,0.2013
AllThingsSmitty/css-protips,3838,None,73,0,29890,0,0.9841
ageron/handson-ml2,2610,Jupyter Notebook,65,0,29882,0,0.5869
google-research/tuning_playbook,1139,None,14,0,29875,0,0.7556
GoogleChrome/lighthouse,3647,JavaScript,5561,130,29875,0,0.9473
apolloconfig/apollo,3650,Java,1498,42,29778,0,0.9591
hashicorp/consul,4501,Go,14140,256,29764,0,0.7681
foundation/foundation-sites,5254,HTML,2958,79,29761,0,0.9926
iced-rs/iced,2422,Rust,1159,18,29696,0,0.7339
JushBJJ/Mr.-Ranedeer-AI-Tutor,1067,None,0,3,29691,0,0.7083
openssl/openssl,4794,C,145,297,29658,0,0.8926
nvim-lua/kickstart.nvim,1347,Lua,265,0,29648,0,0.9505
vuejs/vue-cli,3719,JavaScript,1259,178,29639,1,0.8297
sampotts/plyr,4034,JavaScript,393,93,29618,0,0.5789
alibaba/canal,4796,Java,479,32,29617,0,0.7551
qarmin/czkawka,2008,Rust,468,40,29614,0,0.6245
aosabook/500lines,4501,JavaScript,175,0,29597,0,0.5857
zellij-org/zellij,2008,Rust,1380,65,29571,0,0.474
filamentphp/filament,2175,PHP,5789,819,29547,0,0.9943
react-boilerplate/react-boilerplate,4030,JavaScript,715,16,29540,0,0.955
nginx/nginx,3905,C,155,14,29539,0,0.5252
helm/helm,3801,Go,4439,237,29537,0,0.9684
realpython/python-guide,5466,Batchfile,683,0,29526,0,0.6441
elsewhencode/project-guidelines,3167,JavaScript,114,0,29516,0,0.7436
bigint/hey,1444,TypeScript,3793,0,29503,0,0.0
